{"cameraMode":{"drawMode":0,"name":"Shaded","section":"Shading Mode"},"sceneLighting":false,"audioPlay":false,"sceneViewState":{"m_AlwaysRefresh":false,"showFog":true,"showSkybox":false,"showFlares":true,"showImageEffects":true,"showParticleSystems":true,"showVisualEffectGraphs":true,"m_FxEnabled":true},"in2DMode":false,"pivot":{"x":227.37664794921876,"y":361.3101501464844,"z":3.2582836151123049},"rotation":{"x":-0.18085572123527528,"y":-0.44382092356681826,"z":0.09195924550294876,"w":-0.8728522658348084},"size":12.12435531616211,"orthographic":false}